companyid,trsoverview,fiscalyear,trs_percentpoints,trs_arrow,periodenddate,revenuegrowthoverview,fiscalyear.1,revenuegrowth_percentpoints,revenuegrowth_arrow,periodenddate.1
TRUE,TRUE,TRUE,TRUE,TRUE,00:00.0 --> 2020-06-30 00:00:00.000,TRUE,TRUE,TRUE,TRUE,00:00.0 --> 2020-06-30 00:00:00.000
TRUE,nan --> nan,TRUE,nan --> nan,nan --> nan,00:00.0 --> 2020-03-31 00:00:00.000,TRUE,TRUE,TRUE,TRUE,00:00.0 --> 2020-03-31 00:00:00.000
TRUE,nan --> nan,TRUE,nan --> nan,nan --> nan,00:00.0 --> 2019-03-31 00:00:00.000,TRUE,TRUE,TRUE,TRUE,00:00.0 --> 2019-03-31 00:00:00.000
TRUE,nan --> nan,TRUE,nan --> nan,nan --> nan,00:00.0 --> 2018-03-31 00:00:00.000,TRUE,TRUE,TRUE,TRUE,00:00.0 --> 2018-03-31 00:00:00.000
TRUE,nan --> nan,TRUE,nan --> nan,nan --> nan,00:00.0 --> 2017-03-31 00:00:00.000,TRUE,TRUE,TRUE,TRUE,00:00.0 --> 2017-03-31 00:00:00.000
TRUE,nan --> nan,TRUE,nan --> nan,nan --> nan,00:00.0 --> 2016-03-31 00:00:00.000,TRUE,TRUE,TRUE,TRUE,00:00.0 --> 2016-03-31 00:00:00.000
TRUE,nan --> nan,TRUE,nan --> nan,nan --> nan,00:00.0 --> 2015-03-31 00:00:00.000,TRUE,TRUE,nan --> nan,TRUE,00:00.0 --> 2015-03-31 00:00:00.000
TRUE,nan --> nan,TRUE,nan --> nan,nan --> nan,00:00.0 --> 2014-03-31 00:00:00.000,nan --> nan,TRUE,nan --> nan,TRUE,00:00.0 --> 2014-03-31 00:00:00.000
TRUE,TRUE,TRUE,TRUE,TRUE,00:00.0 --> 2020-06-30 00:00:00.000,TRUE,TRUE,TRUE,TRUE,00:00.0 --> 2020-06-30 00:00:00.000
TRUE,nan --> nan,TRUE,nan --> nan,nan --> nan,00:00.0 --> 2019-12-31 00:00:00.000,TRUE,TRUE,TRUE,TRUE,00:00.0 --> 2019-12-31 00:00:00.000
TRUE,nan --> nan,TRUE,nan --> nan,nan --> nan,00:00.0 --> 2018-12-31 00:00:00.000,TRUE,TRUE,TRUE,TRUE,00:00.0 --> 2018-12-31 00:00:00.000
TRUE,nan --> nan,TRUE,nan --> nan,nan --> nan,00:00.0 --> 2017-12-31 00:00:00.000,TRUE,TRUE,TRUE,TRUE,00:00.0 --> 2017-12-31 00:00:00.000
TRUE,nan --> nan,TRUE,nan --> nan,nan --> nan,00:00.0 --> 2016-12-31 00:00:00.000,TRUE,TRUE,TRUE,TRUE,00:00.0 --> 2016-12-31 00:00:00.000
TRUE,nan --> nan,TRUE,nan --> nan,nan --> nan,00:00.0 --> 2015-12-31 00:00:00.000,TRUE,TRUE,TRUE,TRUE,00:00.0 --> 2015-12-31 00:00:00.000
TRUE,nan --> nan,TRUE,nan --> nan,nan --> nan,00:00.0 --> 2014-12-31 00:00:00.000,TRUE,TRUE,nan --> nan,TRUE,00:00.0 --> 2014-12-31 00:00:00.000
TRUE,nan --> nan,TRUE,nan --> nan,nan --> nan,00:00.0 --> 2013-12-31 00:00:00.000,nan --> nan,TRUE,nan --> nan,TRUE,00:00.0 --> 2013-12-31 00:00:00.000
TRUE,TRUE,TRUE,TRUE,TRUE,00:00.0 --> 2020-06-30 00:00:00.000,TRUE,TRUE,TRUE,TRUE,00:00.0 --> 2020-06-30 00:00:00.000
TRUE,nan --> nan,TRUE,nan --> nan,nan --> nan,00:00.0 --> 2020-03-31 00:00:00.000,TRUE,TRUE,TRUE,TRUE,00:00.0 --> 2020-03-31 00:00:00.000
TRUE,nan --> nan,TRUE,nan --> nan,nan --> nan,00:00.0 --> 2019-03-31 00:00:00.000,TRUE,TRUE,TRUE,TRUE,00:00.0 --> 2019-03-31 00:00:00.000
TRUE,nan --> nan,TRUE,nan --> nan,nan --> nan,00:00.0 --> 2018-03-31 00:00:00.000,TRUE,TRUE,TRUE,TRUE,00:00.0 --> 2018-03-31 00:00:00.000
TRUE,nan --> nan,TRUE,nan --> nan,nan --> nan,00:00.0 --> 2017-03-31 00:00:00.000,TRUE,TRUE,TRUE,TRUE,00:00.0 --> 2017-03-31 00:00:00.000
TRUE,nan --> nan,TRUE,nan --> nan,nan --> nan,00:00.0 --> 2016-03-31 00:00:00.000,TRUE,TRUE,TRUE,TRUE,00:00.0 --> 2016-03-31 00:00:00.000
TRUE,nan --> nan,TRUE,nan --> nan,nan --> nan,00:00.0 --> 2015-03-31 00:00:00.000,TRUE,TRUE,nan --> nan,TRUE,00:00.0 --> 2015-03-31 00:00:00.000
TRUE,nan --> nan,TRUE,nan --> nan,nan --> nan,00:00.0 --> 2014-03-31 00:00:00.000,nan --> nan,TRUE,nan --> nan,TRUE,00:00.0 --> 2014-03-31 00:00:00.000
TRUE,TRUE,TRUE,TRUE,TRUE,00:00.0 --> 2020-03-31 00:00:00.000,TRUE,TRUE,TRUE,TRUE,00:00.0 --> 2020-03-31 00:00:00.000
TRUE,nan --> nan,TRUE,nan --> nan,nan --> nan,00:00.0 --> 2019-03-31 00:00:00.000,TRUE,TRUE,TRUE,TRUE,00:00.0 --> 2019-03-31 00:00:00.000
TRUE,nan --> nan,TRUE,nan --> nan,nan --> nan,00:00.0 --> 2018-03-31 00:00:00.000,TRUE,TRUE,TRUE,TRUE,00:00.0 --> 2018-03-31 00:00:00.000
TRUE,nan --> nan,TRUE,nan --> nan,nan --> nan,00:00.0 --> 2017-03-31 00:00:00.000,TRUE,TRUE,TRUE,TRUE,00:00.0 --> 2017-03-31 00:00:00.000
TRUE,nan --> nan,TRUE,nan --> nan,nan --> nan,00:00.0 --> 2016-03-31 00:00:00.000,TRUE,TRUE,TRUE,TRUE,00:00.0 --> 2016-03-31 00:00:00.000
TRUE,nan --> nan,TRUE,nan --> nan,nan --> nan,00:00.0 --> 2015-03-31 00:00:00.000,TRUE,TRUE,TRUE,TRUE,00:00.0 --> 2015-03-31 00:00:00.000
TRUE,nan --> nan,TRUE,nan --> nan,nan --> nan,00:00.0 --> 2014-03-31 00:00:00.000,TRUE,TRUE,nan --> nan,TRUE,00:00.0 --> 2014-03-31 00:00:00.000
TRUE,nan --> nan,TRUE,nan --> nan,nan --> nan,00:00.0 --> 2013-03-31 00:00:00.000,nan --> nan,TRUE,nan --> nan,TRUE,00:00.0 --> 2013-03-31 00:00:00.000
TRUE,TRUE,TRUE,TRUE,TRUE,00:00.0 --> 2020-06-30 00:00:00.000,TRUE,TRUE,TRUE,TRUE,00:00.0 --> 2020-06-30 00:00:00.000
TRUE,nan --> nan,TRUE,nan --> nan,nan --> nan,00:00.0 --> 2019-12-31 00:00:00.000,TRUE,TRUE,TRUE,TRUE,00:00.0 --> 2019-12-31 00:00:00.000
TRUE,nan --> nan,TRUE,nan --> nan,nan --> nan,00:00.0 --> 2018-12-31 00:00:00.000,TRUE,TRUE,TRUE,TRUE,00:00.0 --> 2018-12-31 00:00:00.000
TRUE,nan --> nan,TRUE,nan --> nan,nan --> nan,00:00.0 --> 2017-12-31 00:00:00.000,TRUE,TRUE,TRUE,TRUE,00:00.0 --> 2017-12-31 00:00:00.000
TRUE,nan --> nan,TRUE,nan --> nan,nan --> nan,00:00.0 --> 2016-12-31 00:00:00.000,TRUE,TRUE,TRUE,TRUE,00:00.0 --> 2016-12-31 00:00:00.000
TRUE,nan --> nan,TRUE,nan --> nan,nan --> nan,00:00.0 --> 2015-12-31 00:00:00.000,TRUE,TRUE,TRUE,TRUE,00:00.0 --> 2015-12-31 00:00:00.000
TRUE,nan --> nan,TRUE,nan --> nan,nan --> nan,00:00.0 --> 2014-12-31 00:00:00.000,TRUE,TRUE,nan --> nan,TRUE,00:00.0 --> 2014-12-31 00:00:00.000
TRUE,nan --> nan,TRUE,nan --> nan,nan --> nan,00:00.0 --> 2013-12-31 00:00:00.000,nan --> nan,TRUE,nan --> nan,TRUE,00:00.0 --> 2013-12-31 00:00:00.000
TRUE,TRUE,TRUE,TRUE,TRUE,00:00.0 --> 2020-06-30 00:00:00.000,TRUE,TRUE,TRUE,TRUE,00:00.0 --> 2020-06-30 00:00:00.000
TRUE,nan --> nan,TRUE,nan --> nan,nan --> nan,00:00.0 --> 2019-12-31 00:00:00.000,TRUE,TRUE,TRUE,TRUE,00:00.0 --> 2019-12-31 00:00:00.000
TRUE,nan --> nan,TRUE,nan --> nan,nan --> nan,00:00.0 --> 2018-12-31 00:00:00.000,TRUE,TRUE,TRUE,TRUE,00:00.0 --> 2018-12-31 00:00:00.000
TRUE,nan --> nan,TRUE,nan --> nan,nan --> nan,00:00.0 --> 2017-12-31 00:00:00.000,TRUE,TRUE,TRUE,TRUE,00:00.0 --> 2017-12-31 00:00:00.000
TRUE,nan --> nan,TRUE,nan --> nan,nan --> nan,00:00.0 --> 2016-12-31 00:00:00.000,TRUE,TRUE,TRUE,TRUE,00:00.0 --> 2016-12-31 00:00:00.000
TRUE,nan --> nan,TRUE,nan --> nan,nan --> nan,00:00.0 --> 2015-12-31 00:00:00.000,TRUE,TRUE,TRUE,TRUE,00:00.0 --> 2015-12-31 00:00:00.000
TRUE,nan --> nan,TRUE,nan --> nan,nan --> nan,00:00.0 --> 2014-12-31 00:00:00.000,TRUE,TRUE,nan --> nan,TRUE,00:00.0 --> 2014-12-31 00:00:00.000
TRUE,nan --> nan,TRUE,nan --> nan,nan --> nan,00:00.0 --> 2013-12-31 00:00:00.000,nan --> nan,TRUE,nan --> nan,TRUE,00:00.0 --> 2013-12-31 00:00:00.000
TRUE,TRUE,TRUE,TRUE,TRUE,00:00.0 --> 2020-06-30 00:00:00.000,TRUE,TRUE,TRUE,TRUE,00:00.0 --> 2020-06-30 00:00:00.000
TRUE,nan --> nan,TRUE,nan --> nan,nan --> nan,00:00.0 --> 2019-12-31 00:00:00.000,TRUE,TRUE,TRUE,TRUE,00:00.0 --> 2019-12-31 00:00:00.000
TRUE,nan --> nan,TRUE,nan --> nan,nan --> nan,00:00.0 --> 2018-12-31 00:00:00.000,TRUE,TRUE,TRUE,TRUE,00:00.0 --> 2018-12-31 00:00:00.000
TRUE,nan --> nan,TRUE,nan --> nan,nan --> nan,00:00.0 --> 2017-12-31 00:00:00.000,TRUE,TRUE,TRUE,TRUE,00:00.0 --> 2017-12-31 00:00:00.000
TRUE,nan --> nan,TRUE,nan --> nan,nan --> nan,00:00.0 --> 2016-12-31 00:00:00.000,TRUE,TRUE,TRUE,TRUE,00:00.0 --> 2016-12-31 00:00:00.000
TRUE,nan --> nan,TRUE,nan --> nan,nan --> nan,00:00.0 --> 2015-12-31 00:00:00.000,TRUE,TRUE,TRUE,TRUE,00:00.0 --> 2015-12-31 00:00:00.000
TRUE,nan --> nan,TRUE,nan --> nan,nan --> nan,00:00.0 --> 2014-12-31 00:00:00.000,TRUE,TRUE,nan --> nan,TRUE,00:00.0 --> 2014-12-31 00:00:00.000
TRUE,nan --> nan,TRUE,nan --> nan,nan --> nan,00:00.0 --> 2013-12-31 00:00:00.000,nan --> nan,TRUE,nan --> nan,TRUE,00:00.0 --> 2013-12-31 00:00:00.000
TRUE,TRUE,TRUE,TRUE,TRUE,00:00.0 --> 2020-06-30 00:00:00.000,TRUE,TRUE,TRUE,TRUE,00:00.0 --> 2020-06-30 00:00:00.000
TRUE,nan --> nan,TRUE,nan --> nan,nan --> nan,00:00.0 --> 2019-12-31 00:00:00.000,TRUE,TRUE,TRUE,TRUE,00:00.0 --> 2019-12-31 00:00:00.000
TRUE,nan --> nan,TRUE,nan --> nan,nan --> nan,00:00.0 --> 2018-12-31 00:00:00.000,TRUE,TRUE,TRUE,TRUE,00:00.0 --> 2018-12-31 00:00:00.000
TRUE,nan --> nan,TRUE,nan --> nan,nan --> nan,00:00.0 --> 2017-12-31 00:00:00.000,TRUE,TRUE,TRUE,TRUE,00:00.0 --> 2017-12-31 00:00:00.000
TRUE,nan --> nan,TRUE,nan --> nan,nan --> nan,00:00.0 --> 2016-12-31 00:00:00.000,TRUE,TRUE,TRUE,TRUE,00:00.0 --> 2016-12-31 00:00:00.000
TRUE,nan --> nan,TRUE,nan --> nan,nan --> nan,00:00.0 --> 2015-12-31 00:00:00.000,TRUE,TRUE,TRUE,TRUE,00:00.0 --> 2015-12-31 00:00:00.000
TRUE,nan --> nan,TRUE,nan --> nan,nan --> nan,00:00.0 --> 2014-12-31 00:00:00.000,TRUE,TRUE,nan --> nan,TRUE,00:00.0 --> 2014-12-31 00:00:00.000
TRUE,nan --> nan,TRUE,nan --> nan,nan --> nan,00:00.0 --> 2013-12-31 00:00:00.000,nan --> nan,TRUE,nan --> nan,TRUE,00:00.0 --> 2013-12-31 00:00:00.000
TRUE,TRUE,TRUE,nan --> nan,TRUE,00:00.0 --> 2020-06-30 00:00:00.000,TRUE,TRUE,TRUE,TRUE,00:00.0 --> 2020-06-30 00:00:00.000
TRUE,nan --> nan,TRUE,nan --> nan,nan --> nan,00:00.0 --> 2020-03-31 00:00:00.000,TRUE,TRUE,TRUE,TRUE,00:00.0 --> 2020-03-31 00:00:00.000
TRUE,nan --> nan,TRUE,nan --> nan,nan --> nan,00:00.0 --> 2019-03-31 00:00:00.000,TRUE,TRUE,TRUE,TRUE,00:00.0 --> 2019-03-31 00:00:00.000
TRUE,nan --> nan,TRUE,nan --> nan,nan --> nan,00:00.0 --> 2018-03-31 00:00:00.000,TRUE,TRUE,TRUE,TRUE,00:00.0 --> 2018-03-31 00:00:00.000
TRUE,nan --> nan,TRUE,nan --> nan,nan --> nan,00:00.0 --> 2017-03-31 00:00:00.000,TRUE,TRUE,nan --> nan,TRUE,00:00.0 --> 2017-03-31 00:00:00.000
TRUE,nan --> nan,TRUE,nan --> nan,nan --> nan,00:00.0 --> 2016-03-31 00:00:00.000,nan --> nan,TRUE,nan --> nan,TRUE,00:00.0 --> 2016-03-31 00:00:00.000
TRUE,nan --> nan,TRUE,nan --> nan,nan --> nan,nan --> nan,nan --> nan,TRUE,nan --> nan,TRUE,nan --> nan
TRUE,nan --> nan,TRUE,nan --> nan,nan --> nan,nan --> nan,nan --> nan,TRUE,nan --> nan,TRUE,nan --> nan
TRUE,nan --> nan,TRUE,nan --> nan,nan --> nan,00:00.0 --> 2019-12-31 00:00:00.000,TRUE,TRUE,TRUE,TRUE,00:00.0 --> 2019-12-31 00:00:00.000
TRUE,nan --> nan,TRUE,nan --> nan,nan --> nan,00:00.0 --> 2019-03-31 00:00:00.000,TRUE,TRUE,TRUE,TRUE,00:00.0 --> 2019-03-31 00:00:00.000
TRUE,nan --> nan,TRUE,nan --> nan,nan --> nan,00:00.0 --> 2018-03-31 00:00:00.000,TRUE,TRUE,TRUE,TRUE,00:00.0 --> 2018-03-31 00:00:00.000
TRUE,nan --> nan,TRUE,nan --> nan,nan --> nan,00:00.0 --> 2017-03-31 00:00:00.000,TRUE,TRUE,TRUE,TRUE,00:00.0 --> 2017-03-31 00:00:00.000
TRUE,nan --> nan,TRUE,nan --> nan,nan --> nan,00:00.0 --> 2016-03-31 00:00:00.000,TRUE,TRUE,TRUE,TRUE,00:00.0 --> 2016-03-31 00:00:00.000
TRUE,nan --> nan,TRUE,nan --> nan,nan --> nan,00:00.0 --> 2015-03-31 00:00:00.000,TRUE,TRUE,nan --> nan,TRUE,00:00.0 --> 2015-03-31 00:00:00.000
TRUE,nan --> nan,TRUE,nan --> nan,nan --> nan,00:00.0 --> 2014-03-31 00:00:00.000,nan --> nan,TRUE,nan --> nan,TRUE,00:00.0 --> 2014-03-31 00:00:00.000
TRUE,nan --> nan,TRUE,nan --> nan,nan --> nan,00:00.0 --> 2013-12-31 00:00:00.000,nan --> nan,TRUE,nan --> nan,TRUE,00:00.0 --> 2013-12-31 00:00:00.000
TRUE,TRUE,TRUE,TRUE,TRUE,00:00.0 --> 2020-06-30 00:00:00.000,TRUE,TRUE,TRUE,TRUE,00:00.0 --> 2020-06-30 00:00:00.000
TRUE,nan --> nan,TRUE,nan --> nan,nan --> nan,00:00.0 --> 2019-12-31 00:00:00.000,TRUE,TRUE,TRUE,TRUE,00:00.0 --> 2019-12-31 00:00:00.000
TRUE,nan --> nan,TRUE,nan --> nan,nan --> nan,00:00.0 --> 2018-12-31 00:00:00.000,TRUE,TRUE,TRUE,TRUE,00:00.0 --> 2018-12-31 00:00:00.000
TRUE,nan --> nan,TRUE,nan --> nan,nan --> nan,00:00.0 --> 2017-12-31 00:00:00.000,TRUE,TRUE,TRUE,TRUE,00:00.0 --> 2017-12-31 00:00:00.000
TRUE,nan --> nan,TRUE,nan --> nan,nan --> nan,00:00.0 --> 2016-12-31 00:00:00.000,TRUE,TRUE,TRUE,TRUE,00:00.0 --> 2016-12-31 00:00:00.000
TRUE,nan --> nan,TRUE,nan --> nan,nan --> nan,00:00.0 --> 2015-12-31 00:00:00.000,TRUE,TRUE,TRUE,TRUE,00:00.0 --> 2015-12-31 00:00:00.000
TRUE,nan --> nan,TRUE,nan --> nan,nan --> nan,00:00.0 --> 2014-12-31 00:00:00.000,TRUE,TRUE,nan --> nan,TRUE,00:00.0 --> 2014-12-31 00:00:00.000
TRUE,nan --> nan,TRUE,nan --> nan,nan --> nan,00:00.0 --> 2013-12-31 00:00:00.000,nan --> nan,TRUE,nan --> nan,TRUE,00:00.0 --> 2013-12-31 00:00:00.000
TRUE,TRUE,TRUE,TRUE,TRUE,00:00.0 --> 2020-06-30 00:00:00.000,TRUE,TRUE,TRUE,TRUE,00:00.0 --> 2020-06-30 00:00:00.000
TRUE,nan --> nan,TRUE,nan --> nan,nan --> nan,00:00.0 --> 2020-03-31 00:00:00.000,TRUE,TRUE,TRUE,TRUE,00:00.0 --> 2020-03-31 00:00:00.000
TRUE,nan --> nan,TRUE,nan --> nan,nan --> nan,00:00.0 --> 2019-03-31 00:00:00.000,TRUE,TRUE,TRUE,TRUE,00:00.0 --> 2019-03-31 00:00:00.000
TRUE,nan --> nan,TRUE,nan --> nan,nan --> nan,00:00.0 --> 2018-03-31 00:00:00.000,TRUE,TRUE,TRUE,TRUE,00:00.0 --> 2018-03-31 00:00:00.000
TRUE,nan --> nan,TRUE,nan --> nan,nan --> nan,00:00.0 --> 2017-03-31 00:00:00.000,TRUE,TRUE,TRUE,TRUE,00:00.0 --> 2017-03-31 00:00:00.000
TRUE,nan --> nan,TRUE,nan --> nan,nan --> nan,00:00.0 --> 2016-03-31 00:00:00.000,TRUE,TRUE,TRUE,TRUE,00:00.0 --> 2016-03-31 00:00:00.000
TRUE,nan --> nan,TRUE,nan --> nan,nan --> nan,00:00.0 --> 2015-03-31 00:00:00.000,TRUE,TRUE,nan --> nan,TRUE,00:00.0 --> 2015-03-31 00:00:00.000
TRUE,nan --> nan,TRUE,nan --> nan,nan --> nan,00:00.0 --> 2014-03-31 00:00:00.000,nan --> nan,TRUE,nan --> nan,TRUE,00:00.0 --> 2014-03-31 00:00:00.000
TRUE,TRUE,TRUE,TRUE,TRUE,00:00.0 --> 2020-06-30 00:00:00.000,TRUE,TRUE,TRUE,TRUE,00:00.0 --> 2020-06-30 00:00:00.000
TRUE,nan --> nan,TRUE,nan --> nan,nan --> nan,00:00.0 --> 2019-12-31 00:00:00.000,TRUE,TRUE,TRUE,TRUE,00:00.0 --> 2019-12-31 00:00:00.000
TRUE,nan --> nan,TRUE,nan --> nan,nan --> nan,00:00.0 --> 2018-12-31 00:00:00.000,TRUE,TRUE,TRUE,TRUE,00:00.0 --> 2018-12-31 00:00:00.000
TRUE,nan --> nan,TRUE,nan --> nan,nan --> nan,00:00.0 --> 2017-12-31 00:00:00.000,TRUE,TRUE,TRUE,TRUE,00:00.0 --> 2017-12-31 00:00:00.000
TRUE,nan --> nan,TRUE,nan --> nan,nan --> nan,00:00.0 --> 2016-12-31 00:00:00.000,TRUE,TRUE,TRUE,TRUE,00:00.0 --> 2016-12-31 00:00:00.000
TRUE,nan --> nan,TRUE,nan --> nan,nan --> nan,00:00.0 --> 2015-12-31 00:00:00.000,TRUE,TRUE,TRUE,TRUE,00:00.0 --> 2015-12-31 00:00:00.000
TRUE,nan --> nan,TRUE,nan --> nan,nan --> nan,00:00.0 --> 2014-12-31 00:00:00.000,TRUE,TRUE,nan --> nan,TRUE,00:00.0 --> 2014-12-31 00:00:00.000
TRUE,nan --> nan,TRUE,nan --> nan,nan --> nan,00:00.0 --> 2013-12-31 00:00:00.000,nan --> nan,TRUE,nan --> nan,TRUE,00:00.0 --> 2013-12-31 00:00:00.000
TRUE,TRUE,TRUE,TRUE,TRUE,00:00.0 --> 2020-06-30 00:00:00.000,TRUE,TRUE,TRUE,TRUE,00:00.0 --> 2020-06-30 00:00:00.000
TRUE,nan --> nan,TRUE,nan --> nan,nan --> nan,00:00.0 --> 2020-03-31 00:00:00.000,TRUE,TRUE,TRUE,TRUE,00:00.0 --> 2020-03-31 00:00:00.000
TRUE,nan --> nan,TRUE,nan --> nan,nan --> nan,00:00.0 --> 2019-03-31 00:00:00.000,TRUE,TRUE,TRUE,TRUE,00:00.0 --> 2019-03-31 00:00:00.000
TRUE,nan --> nan,TRUE,nan --> nan,nan --> nan,00:00.0 --> 2018-03-31 00:00:00.000,TRUE,TRUE,TRUE,TRUE,00:00.0 --> 2018-03-31 00:00:00.000
TRUE,nan --> nan,TRUE,nan --> nan,nan --> nan,00:00.0 --> 2017-03-31 00:00:00.000,TRUE,TRUE,TRUE,TRUE,00:00.0 --> 2017-03-31 00:00:00.000
TRUE,nan --> nan,TRUE,nan --> nan,nan --> nan,00:00.0 --> 2016-03-31 00:00:00.000,TRUE,TRUE,TRUE,TRUE,00:00.0 --> 2016-03-31 00:00:00.000
TRUE,nan --> nan,TRUE,nan --> nan,nan --> nan,00:00.0 --> 2015-03-31 00:00:00.000,TRUE,TRUE,nan --> nan,TRUE,00:00.0 --> 2015-03-31 00:00:00.000
TRUE,nan --> nan,TRUE,nan --> nan,nan --> nan,00:00.0 --> 2014-03-31 00:00:00.000,nan --> nan,TRUE,nan --> nan,TRUE,00:00.0 --> 2014-03-31 00:00:00.000
TRUE,TRUE,TRUE,TRUE,TRUE,00:00.0 --> 2020-06-30 00:00:00.000,TRUE,TRUE,TRUE,TRUE,00:00.0 --> 2020-06-30 00:00:00.000
TRUE,nan --> nan,TRUE,nan --> nan,nan --> nan,00:00.0 --> 2019-12-31 00:00:00.000,TRUE,TRUE,TRUE,TRUE,00:00.0 --> 2019-12-31 00:00:00.000
TRUE,nan --> nan,TRUE,nan --> nan,nan --> nan,00:00.0 --> 2018-12-31 00:00:00.000,TRUE,TRUE,TRUE,TRUE,00:00.0 --> 2018-12-31 00:00:00.000
TRUE,nan --> nan,TRUE,nan --> nan,nan --> nan,00:00.0 --> 2017-12-31 00:00:00.000,TRUE,TRUE,TRUE,TRUE,00:00.0 --> 2017-12-31 00:00:00.000
TRUE,nan --> nan,TRUE,nan --> nan,nan --> nan,00:00.0 --> 2016-12-31 00:00:00.000,TRUE,TRUE,TRUE,TRUE,00:00.0 --> 2016-12-31 00:00:00.000
TRUE,nan --> nan,TRUE,nan --> nan,nan --> nan,00:00.0 --> 2015-12-31 00:00:00.000,TRUE,TRUE,TRUE,TRUE,00:00.0 --> 2015-12-31 00:00:00.000
TRUE,nan --> nan,TRUE,nan --> nan,nan --> nan,00:00.0 --> 2014-12-31 00:00:00.000,TRUE,TRUE,nan --> nan,TRUE,00:00.0 --> 2014-12-31 00:00:00.000
TRUE,nan --> nan,TRUE,nan --> nan,nan --> nan,00:00.0 --> 2013-12-31 00:00:00.000,nan --> nan,TRUE,nan --> nan,TRUE,00:00.0 --> 2013-12-31 00:00:00.000
TRUE,TRUE,TRUE,TRUE,TRUE,00:00.0 --> 2020-06-30 00:00:00.000,TRUE,TRUE,TRUE,TRUE,00:00.0 --> 2020-06-30 00:00:00.000
TRUE,nan --> nan,TRUE,nan --> nan,nan --> nan,00:00.0 --> 2019-12-31 00:00:00.000,TRUE,TRUE,TRUE,TRUE,00:00.0 --> 2019-12-31 00:00:00.000
TRUE,nan --> nan,TRUE,nan --> nan,nan --> nan,00:00.0 --> 2018-12-31 00:00:00.000,TRUE,TRUE,TRUE,TRUE,00:00.0 --> 2018-12-31 00:00:00.000
TRUE,nan --> nan,TRUE,nan --> nan,nan --> nan,00:00.0 --> 2017-12-31 00:00:00.000,TRUE,TRUE,TRUE,TRUE,00:00.0 --> 2017-12-31 00:00:00.000
TRUE,nan --> nan,TRUE,nan --> nan,nan --> nan,00:00.0 --> 2016-12-31 00:00:00.000,TRUE,TRUE,TRUE,TRUE,00:00.0 --> 2016-12-31 00:00:00.000
TRUE,nan --> nan,TRUE,nan --> nan,nan --> nan,00:00.0 --> 2015-12-31 00:00:00.000,TRUE,TRUE,TRUE,TRUE,00:00.0 --> 2015-12-31 00:00:00.000
TRUE,nan --> nan,TRUE,nan --> nan,nan --> nan,00:00.0 --> 2014-12-31 00:00:00.000,TRUE,TRUE,nan --> nan,TRUE,00:00.0 --> 2014-12-31 00:00:00.000
TRUE,nan --> nan,TRUE,nan --> nan,nan --> nan,00:00.0 --> 2013-12-31 00:00:00.000,nan --> nan,TRUE,nan --> nan,TRUE,00:00.0 --> 2013-12-31 00:00:00.000
